Room,Current Residents,Key num,Total Last key,Keys on hook,Error,Other Codes,Notes,,,,,,,,,,,,,,,,,,
12,1,B15,3,,,B49,3,,,,,,,,,,,,,,,,,,
12,1,B27,2,1,0,,,,,,,,,,,,,,,,,,,,
12,1,B30,1,,,,No keys,,,,,,,,,,,,,,,,,,
12,1,B9,2,1,0,,,,,,,,,,,,,,,,,,,,
12,1,B17,2,1,0,,,,,,,,,,,,,,,,,,,,
12,1,B34,3,2,0,,,,,,,,,,,,,,,,,,,,
12,1,B60,3,2,0,B60X,1,,,,,,,,,,,,,,,,,,
12,1,B33,3,1,-1,,,,,,,,,,,,,,,,,,,,
12,1,B44,3,2,0,,,,,,,,,,,,,,,,,,,,
12,2,B85,3,6,5,,,,,,,,,,,,,,,,,,,,
12,1,B18,3,,,6AA,1,,,,,,,,,,,,,,,,,,
12,1,B14,3,2,0,,,,,,,,,,,,,,,,,,,,
12,1,B81,3,3,1,,,,,,,,,,,,,,,,,,,,
12,1,B5,2,2,1,,,,,,,,,,,,,,,,,,,,
12,3,B82,4,1,0,B52,1,,,,,,,,,,,,,,,,,,
12,1,B52X,,3,4,,,,,,,,,,,,,,,,,,,,
12,1,B53X,,2,3,,,,,,,,,,,,,,,,,,,,
12,1,B54,,2,3,B81,1,,,,,,,,,,,,,,,,,,
12,0,B25,1,1,0,,,,,,,,,,,,,,,,,,,,
12,4,B82,4,6,6,,,,,,,,,,,,,,,,,,,,
12,1,B55,,2,3,,,,,,,,,,,,,,,,,,,,
12,1,B56,,,,B56X,2,,,,,,,,,,,,,,,,,,
12,2,B57,,1,3,,,,,,,,,,,,,,,,,,,,
12,0,B10,2,2,0,,,,,,,,,,,,,,,,,,,,
12,1,B11,3,1,-1,,,,,,,,,,,,,,,,,,,,
12,2,B12,3,1,0,,,,,,,,,,,,,,,,,,,,
12,1,B43,3,2,0,,,,,,,,,,,,,,,,,,,,
12,1,B29,2,1,0,,,,,,,,,,,,,,,,,,,,
12,1,B41,3,2,0,,,,,,,,,,,,,,,,,,,,
12,1,B13,3,2,0,,,,,,,,,,,,,,,,,,,,
12,4,B83,3,1,2,,,,,,,,,,,,,,,,,,,,
12,1,B61,,2,3,,,,,,,,,,,,,,,,,,,,
12,1,B62,,2,3,,,,,,,,,,,,,,,,,,,,
12,2,B63,,1,3,,,,,,,,,,,,,,,,,,,,
12,1,B24,3,1,-1,,,,,,,,,,,,,,,,,,,,
12,1,B22,1,1,1,G44,1,,,,,,,,,,,,,,,,,,
12,1,B39,2,1,0,,,,,,,,,,,,,,,,,,,,
12,1,B37,4,3,0,,No hook for 309,,,,,,,,,,,,,,,,,,
12,1,B45,2,1,0,,,,,,,,,,,,,,,,,,,,
12,3,B84,4,3,2,B60x,1,,,,,,,,,,,,,,,,,,
12,1,B58,,3,4,,Marked as 314 A,,,,,,,,,,,,,,,,,,
12,1,AA,,3,4,B59,3,,,,,,,,,,,,,,,,,,
12,1,?,,,,B60X,2 marked as 314,,,,,,,,,,,,,,,,,,
12,1,B59,3,3,1,B32,2,,,,,,,,,,,,,,,,,,
12,1,B21,4,3,0,1,No code,,,,,,,,,,,,,,,,,,
12,1,B20,3,,,B64,2,,,,,,,,,,,,,,,,,,
11,Staff,3--2,1,0,#VALUE!,,,,,,,,,,,,,,,,,,,,
11,2,3--3,2,0,0,,,,,,,,,,,,,,,,,,,,
11,2,3--4,2,0,0,,,,,,,,,,,,,,,,,,,,
11,1,3--5,2,1,0,,,,,,,,,,,,,,,,,,,,
11,1,3--6,2,0,-1,,,,,,,,,,,,,,,,,,,,
11,1,3--7,2,1,0,,,,,,,,,,,,,,,,,,,,
11,1,3--8,2,1,0,,,,,,,,,,,,,,,,,,,,
11,1,3--9,3,0,-2,,,,,,,,,,,,,,,,,,,,
11,1,3--10,2,1,0,,,,,,,,,,,,,,,,,,,,
11,2,3--12,2,0,0,,,,,,,,,,,,,,,,,,,,
11,2,3--13,,0,2,,,,,,,,,,,,,,,,,,,,
11,1,3--14,2,4,3,,,,,,,,,,,,,,,,,,,,
11,1,3--15,2,0,-1,,,,,,,,,,,,,,,,,,,,
11,1,3--16,2,0,-1,,,,,,,,,,,,,,,,,,,,
11,1,3--17,1,0,0,,,,,,,,,,,,,,,,,,,,
11,1,3--18,4,0,-3,,,,,,,,,,,,,,,,,,,,
11,1,3--19,2,3,2,,,,,,,,,,,,,,,,,,,,
11,1,3--20,3,0,-2,,,,,,,,,,,,,,,,,,,,
11,2,3--21,2,0,0,,,,,,,,,,,,,,,,,,,,
11,2,3--22,2,3,3,,,,,,,,,,,,,,,,,,,,
11,2,3--23,2,0,0,,,,,,,,,,,,,,,,,,,,
11,2,3--24,2,0,0,,,,,,,,,,,,,,,,,,,,
11,1,3--25,3,0,-2,,,,,,,,,,,,,,,,,,,,
11,2,3--26,2,0,0,,,,,,,,,,,,,,,,,,,,
11,1,3--27,2,3,2,,,,,,,,,,,,,,,,,,,,
11,2,3--28,2,0,0,,,,,,,,,,,,,,,,,,,,
11,2,3--29,2,0,0,,,,,,,,,,,,,,,,,,,,
11,1,3--30,2,1,0,,,,,,,,,,,,,,,,,,,,
11,2,3--31,2,2,2,,,,,,,,,,,,,,,,,,,,
11,1,3--32,2,2,1,,,,,,,,,,,,,,,,,,,,
11,1,3--33,2,1,0,,,,,,,,,,,,,,,,,,,,
11,2,3--34,2,0,0,,,,,,,,,,,,,,,,,,,,
11,2,3--35,2,0,0,,,,,,,,,,,,,,,,,,,,
11,2,3--36,1,0,1,,,,,,,,,,,,,,,,,,,,
11,1,3--37,2,0,-1,,,,,,,,,,,,,,,,,,,,
11,1,3--38,2,1,0,,,,,,,,,,,,,,,,,,,,
11,1,3--39,2,1,0,,,,,,,,,,,,,,,,,,,,
11,0,3--40,5,1,-4,,,,,,,,,,,,,,,,,,,,
11,1,3--41,3,1,-1,,,,,,,,,,,,,,,,,,,,
11,1,3--42,2,1,0,,,,,,,,,,,,,,,,,,,,
11,1,3--43,2,1,0,,,,,,,,,,,,,,,,,,,,
11,1,3--44,2,0,-1,,,,,,,,,,,,,,,,,,,,
11,2,3--45,2,3,3,,,,,,,,,,,,,,,,,,,,
11,2,3--46,3,2,1,,,,,,,,,,,,,,,,,,,,
11,2,3--47,2,0,0,,,,,,,,,,,,,,,,,,,,
11,2,3--48,2,0,0,,,,,,,,,,,,,,,,,,,,
11,2,3--49,2,0,0,,,,,,,,,,,,,,,,,,,,
11,1,3--50,2,0,-1,,,,,,,,,,,,,,,,,,,,
11,1,3--51,2,0,-1,,,,,,,,,,,,,,,,,,,,
11,1,3--52,2,1,0,,,,,,,,,,,,,,,,,,,,
11,0,3--53,2,,,,,,,,,,,,,,,,,,,,,,
11,1,3--54,2,1,0,,,,,,,,,,,,,,,,,,,,
11,2,3--55,1,2,3,,,,,,,,,,,,,,,,,,,,
11,1,3--56,2,2,1,,,,,,,,,,,,,,,,,,,,
11,2,3--57,2,0,0,,,,,,,,,,,,,,,,,,,,
11,2,3--58,1,3,4,,,,,,,,,,,,,,,,,,,,
11,0,3--59,1,0,-1,,,,,,,,,,,,,,,,,,,,
11,1,3--60,3,1,-1,,,,,,,,,,,,,,,,,,,,
11,2,3--61,3,1,0,,,,,,,,,,,,,,,,,,,,
11,1,3--62,3,1,-1,,,,,,,,,,,,,,,,,,,,
11,1,3--63,1,0,0,,,,,,,,,,,,,,,,,,,,
11,1,3--64,4,2,-1,,,,,,,,,,,,,,,,,,,,
11,1,3--65,2,2,1,,,,,,,,,,,,,,,,,,,,
11,2,3--66,2,2,2,,,,,,,,,,,,,,,,,,,,
11,1,3--67,3,3,1,,,,,,,,,,,,,,,,,,,,
11,1,3--68,3,4,2,,,,,,,,,,,,,,,,,,,,
11,9,3--69,2,0,7,,,,,,,,,,,,,,,,,,,,
11,2,3--70,4,0,-2,,,,,,,,,,,,,,,,,,,,
11,2,3--71,2,1,1,,,,,,,,,,,,,,,,,,,,
10,4,C29X,,,,,,,,,,,,,,,,,,,,,,,
10,1,C30,2,1,0,,,,,,,,,,,,,,,,,,,,
10,1,C31,1,1,1,,,,,,,,,,,,,,,,,,,,
10,1,C32,1,0,0,,,,,,,,,,,,,,,,,,,,
10,1,C33,,0,1,,,,,,,,,,,,,,,,,,,,
10,2,C93X,,,,,,,,,,,,,,,,,,,,,,,
10,1,C93,,2,,,,,,,,,,,,,,,,,,,,,
10,1,C94,3,2,0,,,,,,,,,,,,,,,,,,,,
10,2,A84,4,,,,,,,,,,,,,,,,,,,,,,
10,1,C37 ,,3,4,,,,,,,,,,,,,,,,,,,,
10,1,C38,,1,2,2 C2,,,,,,,,,,,,,,,,,,,
10,4,C105X,,,,,,,,,,,,,,,,,,,,,,,
10,1,C105 ,,1,2,,,,,,,,,,,,,,,,,,,,
10,1,C106,,1,2,,,,,,,,,,,,,,,,,,,,
10,1,C107,,1,2,,,,,,,,,,,,,,,,,,,,
10,1,C108,,0,1,,,,,,,,,,,,,,,,,,,,
10,4,C129x,,,,,,,,,,,,,,,,,,,,,,,
10,1,C129x,,0,1,1 C124,,,,,,,,,,,,,,,,,,,
10,1,C130,,0,1,,,,,,,,,,,,,,,,,,,,
10,1,C131,3,2,0,,,,,,,,,,,,,,,,,,,,
10,1,C132,2,0,-1,,,,,,,,,,,,,,,,,,,,
10,3,C21X,,,,,,,,,,,,,,,,,,,,,,,
10,1,C21 ,2,1,0,,,,,,,,,,,,,,,,,,,,
10,1,C22,2,2,1,29?,,,,,,,,,,,,,,,,,,,
10,1,C23/201C,,1,2,,,,,,,,,,,,,,,,,,,,
10,1,C24,2,1,0,,,,,,,,,,,,,,,,,,,,
10,4,C1X,1,,,,,,,,,,,,,,,,,,,,,,
10,1,C1,2,6,5,,,,,,,,,,,,,,,,,,,,
10,1,AA20,2,1,0,,,,,,,,,,,,,,,,,,,,
10,1,C3,2,1,0,,,,,,,,,,,,,,,,,,,,
10,1,C4,2,1,0,,,,,,,,,,,,,,,,,,,,
10,4,C85X,,,,,,,,,,,,,,,,,,,,,,,
10,1,C85 ,1,0,0,,,,,,,,,,,,,,,,,,,,
10,1,C86,2,0,-1,,,,,,,,,,,,,,,,,,,,
10,1,C87,1,1,1,,,,,,,,,,,,,,,,,,,,
10,1,C88,2,1,0,,,,,,,,,,,,,,,,,,,,
10,4,C97X,,,,,,,,,,,,,,,,,,,,,,,
10,1,C97 ,3,2,0,,,,,,,,,,,,,,,,,,,,
10,1,C98,2,1,0,,,,,,,,,,,,,,,,,,,,
10,1,C99,2,0,-1,,,,,,,,,,,,,,,,,,,,
10,1,C100,2,1,0,,,,,,,,,,,,,,,,,,,,
10,2,C9X,,,,,,,,,,,,,,,,,,,,,,,
10,1,C9 ,1,0,0,,,,,,,,,,,,,,,,,,,,
10,1,C10,3,2,0,,,,,,,,,,,,,,,,,,,,
10,1,C121,2,2,1,,,,,,,,,,,,,,,,,,,,
10,3,C89X,,,,,,,,,,,,,,,,,,,,,,,
10,1,C89 ,1,0,0,,,,,,,,,,,,,,,,,,,,
10,1,C90,2,1,0,,,,,,,,,,,,,,,,,,,,
10,0,C91,1,1,0,,,,,,,,,,,,,,,,,,,,
10,1,C92,2,1,0,,,,,,,,,,,,,,,,,,,,
10,4,C133X,,,,,,,,,,,,,,,,,,,,,,,
10,1,C133/C122,,1,2,,,,,,,,,,,,,,,,,,,,
10,1,C134,1,0,0,,,,,,,,,,,,,,,,,,,,
10,1,C135,2,1,0,,,,,,,,,,,,,,,,,,,,
10,1,C136,1,4,4,,,,,,,,,,,,,,,,,,,,
10,4,C57x,,,,,,,,,,,,,,,,,,,,,,,
10,1,C57A,2,0,-1,,,,,,,,,,,,,,,,,,,,
10,1,C58,2,1,0,,,,,,,,,,,,,,,,,,,,
10,1,C59,2,2,1,,,,,,,,,,,,,,,,,,,,
10,1,C60,2,2,1,,,,,,,,,,,,,,,,,,,,
10,4,C17X,,,,,,,,,,,,,,,,,,,,,,,
10,1,C17 ,,0,1,,,,,,,,,,,,,,,,,,,,
10,1,C18,,0,1,,,,,,,,,,,,,,,,,,,,
10,1,C19,,0,1,1 C27,,,,,,,,,,,,,,,,,,,
10,1,C20,,0,1,,,,,,,,,,,,,,,,,,,,
10,3,C61X,,,,,,,,,,,,,,,,,,,,,,,
10,1,C61 ,2,2,1,,,,,,,,,,,,,,,,,,,,
10,1,C62,2,2,1,,,,,,,,,,,,,,,,,,,,
10,1,C63,2,1,0,,,,,,,,,,,,,,,,,,,,
10,0,C64,2,2,0,,,,,,,,,,,,,,,,,,,,
10,4,C109X,,,,,,,,,,,,,,,,,,,,,,,
10,1,C109 ,3,1,-1,,,,,,,,,,,,,,,,,,,,
10,1,C110,2,1,0,,,,,,,,,,,,,,,,,,,,
10,1,C111,1,0,0,,,,,,,,,,,,,,,,,,,,
10,1,C112,1,1,1,,,,,,,,,,,,,,,,,,,,
10,4,A91,,,,,,,,,,,,,,,,,,,,,,,
10,1,C49 ,1,1,1,,,,,,,,,,,,,,,,,,,,
10,1,C50,2,1,0,,,,,,,,,,,,,,,,,,,,
10,1,C51,2,1,0,,,,,,,,,,,,,,,,,,,,
10,1,C116,,0,1,,,,,,,,,,,,,,,,,,,,
10,2,C69X,,,,,,,,,,,,,,,,,,,,,,,
10,1,C69 ,2,0,-1,,,,,,,,,,,,,,,,,,,,
10,1,C70,,1,2,,,,,,,,,,,,,,,,,,,,
10,1,C122,2,,,1 C140,,,,,,,,,,,,,,,,,,,
10,4,C113X,,,,,,,,,,,,,,,,,,,,,,,
10,1,C113 ,2,1,0,,,,,,,,,,,,,,,,,,,,
10,1,C114,2,1,0,,,,,,,,,,,,,,,,,,,,
10,1,C115,1,0,0,,,,,,,,,,,,,,,,,,,,
10,1,C116,2,1,0,,,,,,,,,,,,,,,,,,,,
10,4,C143,,,,,,,,,,,,,,,,,,,,,,,
10,1,C13,1,2,2,,,,,,,,,,,,,,,,,,,,
10,1,C14 ,2,3,2,,,,,,,,,,,,,,,,,,,,
10,1,C143,,2,3,,,,,,,,,,,,,,,,,,,,
10,1,C16,2,1,0,,,,,,,,,,,,,,,,,,,,
10,4,C33X,,,,,,,,,,,,,,,,,,,,,,,
10,1,C33,2,1,0,,,,,,,,,,,,,,,,,,,,
10,1,C34,1,0,0,,,,,,,,,,,,,,,,,,,,
10,1,C35,2,1,0,,,,,,,,,,,,,,,,,,,,
10,1,C36,2,1,0,,,,,,,,,,,,,,,,,,,,
10,3,C73X,,,,,,,,,,,,,,,,,,,,,,,
10,1,C73 ,1,1,1,,,,,,,,,,,,,,,,,,,,
10,1,C74,1,1,1,,,,,,,,,,,,,,,,,,,,
10,1,C75,3,2,0,,,,,,,,,,,,,,,,,,,,
10,0,C76,2,1,-1,,,,,,,,,,,,,,,,,,,,
10,3,C81X,,,,,,,,,,,,,,,,,,,,,,,
10,1,C81 ,2,1,0,,,,,,,,,,,,,,,,,,,,
10,1,C82,2,1,0,,,,,,,,,,,,,,,,,,,,
10,0,C83,2,2,0,,,,,,,,,,,,,,,,,,,,
10,1,C84,2,1,0,,,,,,,,,,,,,,,,,,,,
10,4,C65X,,,,,,,,,,,,,,,,,,,,,,,
10,1,C65 ,2,1,0,,,,,,,,,,,,,,,,,,,,
10,1,C66,1,0,0,,,,,,,,,,,,,,,,,,,,
10,1,C67,2,1,0,,,,,,,,,,,,,,,,,,,,
10,1,C68,2,1,0,,,,,,,,,,,,,,,,,,,,
10,4,C45X,,,,,,,,,,,,,,,,,,,,,,,
10,1,C45 ,1,1,1,,,,,,,,,,,,,,,,,,,,
10,1,C46,2,1,0,,,,,,,,,,,,,,,,,,,,
10,1,C47,2,1,0,,,,,,,,,,,,,,,,,,,,
10,1,C48,2,1,0,,,,,,,,,,,,,,,,,,,,
10,2,C141X,,,,,,,,,,,,,,,,,,,,,,,
10,1,C141,2,0,-1,,,,,,,,,,,,,,,,,,,,
10,1,C142,2,0,-1,,,,,,,,,,,,,,,,,,,,
10,1,C123,2,2,1,,,,,,,,,,,,,,,,,,,,
10,4,C77X,,,,,,,,,,,,,,,,,,,,,,,
10,1,C77 ,2,1,0,,,,,,,,,,,,,,,,,,,,
10,1,C78,2,2,1,,,,,,,,,,,,,,,,,,,,
10,1,C79,2,2,1,,,,,,,,,,,,,,,,,,,,
10,1,C80,2,0,-1,,,,,,,,,,,,,,,,,,,,
10,4,C53X,,,,,,,,,,,,,,,,,,,,,,,
10,1,C53 ,1,0,0,,,,,,,,,,,,,,,,,,,,
10,1,C54,,2,3,,,,,,,,,,,,,,,,,,,,
10,1,C55,1,0,0,,,,,,,,,,,,,,,,,,,,
10,1,C56,0,3,4,,,,,,,,,,,,,,,,,,,,
9,1,J26,1,1,1,,,,,,,,,,,,,,,,,,,,
9,2,J41,,2,4,,,,,,,,,,,,,,,,,,,,
9,2,J25,3,1,0,,,,,,,,,,,,,,,,,,,,
9,2,J15,4,2,0,,,,,,,,,,,,,,,,,,,,
9,2,J16,3,1,0,,,,,,,,,,,,,,,,,,,,
9,1,J17,3,2,0,,,,,,,,,,,,,,,,,,,,
9,2,J19,3,1,0,14AA,,,,,,,,,,,,,,,,,,,
9,1,J-52,2,1,0,,,,,,,,,,,,,,,,,,,,
9,2,J22,3,2,1,,,,,,,,,,,,,,,,,,,,
9,2,J20,3,2,1,,,,,,,,,,,,,,,,,,,,
9,2,J24,2,1,1,,,,,,,,,,,,,,,,,,,,
9,2,J21,3,1,0,,,,,,,,,,,,,,,,,,,,
9,1,J23,3,2,0,6AA,1 with 6AA,,,,,,,,,,,,,,,,,,
9,1,J46,3,2,0,,,,,,,,,,,,,,,,,,,,
9,1,J77,,,,J71,2 for J71,,,,,,,,,,,,,,,,,,
9,0,J76,2,,,15aa,2 with 15AA,,,,,,,,,,,,,,,,,,
9,1,A91,2,,,,no 304,,,,,,,,,,,,,,,,,,
9,2,J33,3,1,0,16aa,1 with 16AA,,,,,,,,,,,,,,,,,,
9,1,16AA,3,2,0,,,,,,,,,,,,,,,,,,,,
9,2,J36,2,0,0,,,,,,,,,,,,,,,,,,,,
9,2,J34,1,2,3,,,,,,,,,,,,,,,,,,,,
9,2,J38,1,1,2,,,,,,,,,,,,,,,,,,,,
9,1,J35,3,4,2,,,,,,,,,,,,,,,,,,,,
9,2,J37,2,0,0,,,,,,,,,,,,,,,,,,,,
9,2,J40,2,0,0,,,,,,,,,,,,,,,,,,,,
9,2,J39,3,1,0,,,,,,,,,,,,,,,,,,,,
9,2,J54,3,1,0,,,,,,,,,,,,,,,,,,,,
9,1,J62,3,,,19AA,2 with 19AA,,,,,,,,,,,,,,,,,,
9,1,J44,3,3,1,,,,,,,,,,,,,,,,,,,,
9,1,J43,3,,,18aa,2 with 18aa,,,,,,,,,,,,,,,,,,
9,1,J80,4,3,0,,,,,,,,,,,,,,,,,,,,
9,2,J27,3,1,0,,,,,,,,,,,,,,,,,,,,
9,1,J48,3,1,-1,,,,,,,,,,,,,,,,,,,,
9,1,J47,2,1,0,,,,,,,,,,,,,,,,,,,,
9,1,J49,2,1,0,,,,,,,,,,,,,,,,,,,,
9,1,J50,3,1,-1,,,,,,,,,,,,,,,,,,,,
9,1,J51,3,2,0,,,,,,,,,,,,,,,,,,,,
9,1,J40,1,2,2,,,,,,,,,,,,,,,,,,,,
9,1,J53,3,2,0,,,,,,,,,,,,,,,,,,,,
9,1,J42,3,,,j82,2 keys withJ82,,,,,,,,,,,,,,,,,,
9,0,J56,3,3,0,,,,,,,,,,,,,,,,,,,,
9,1,2AA,2,,,J55,1 for J55,,,,,,,,,,,,,,,,,,
9,1,J58,3,2,0,,,,,,,,,,,,,,,,,,,,
9,2,J57,3,1,0,,,,,,,,,,,,,,,,,,,,
9,1,J60,2,1,0,,,,,,,,,,,,,,,,,,,,
9,1,J59,3,2,0,,,,,,,,,,,,,,,,,,,,
9,1,J62,3,2,0,,,,,,,,,,,,,,,,,,,,
9,1,J61,3,1,-1,,,,,,,,,,,,,,,,,,,,
9,1,J64,2,1,0,,,,,,,,,,,,,,,,,,,,
9,1,J81,3,2,0,,,,,,,,,,,,,,,,,,,,
9,1,J65,2,1,0,,,,,,,,,,,,,,,,,,,,
9,1,J66,3,1,-1,,,,,,,,,,,,,,,,,,,,
9,1,J83,2,1,0,,,,,,,,,,,,,,,,,,,,
9,1,J68,3,2,0,,,,,,,,,,,,,,,,,,,,
9,1,J79,2,,,AA72,2 for AA72,,,,,,,,,,,,,,,,,,
9,0,2AA,2,3,1,J70,3 for J70,,,,,,,,,,,,,,,,,,
8,1,265324,1,,,,,,,,,,,,,,,,,,,,,,
8,2,261124,2,2,2,,,,,,,,,,,,,,,,,,,,
8,2,261144,1,0,1,,,,,,,,,,,,,,,,,,,,
8,2,18-A,2,1,1,,,,,,,,,,,,,,,,,,,,
8,1,261544,0,1,2,,,,,,,,,,,,,,,,,,,,
8,2,8-A,1,0,1,261724,,,,,,,,,,,,,,,,,,,
8,2,263324,3,1,0,,,,,,,,,,,,,,,,,,,,
8,1,261704,1,0,0,265304,,,,,,,,,,,,,,,,,,,
8,1,263541,1,0,0,,,,,,,,,,,,,,,,,,,,
8,1,263704,2,4,3,,,,,,,,,,,,,,,,,,,,
8,1,261724,1,0,0,,,,,,,,,,,,,,,,,,,,
8,1,24B1,1,1,1,,,,,,,,,,,,,,,,,,,,
8,2,CIB11A,2,1,1,,,,,,,,,,,,,,,,,,,,
8,2,263344,1,0,1,,,,,,,,,,,,,,,,,,,,
8,2,261746,1,1,2,,,,,,,,,,,,,,,,,,,,
8,2,261564,1,2,3,,,,,,,,,,,,,,,,,,,,
8,2,261324,1,0,1,,,,,,,,,,,,,,,,,,,,
8,2,263724,1,2,3,,,,,,,,,,,,,,,,,,,,
8,1,9A,2,1,0,,,,,,,,,,,,,,,,,,,,
8,2,261344,1,1,2,,,,,,,,,,,,,,,,,,,,
8,2,265364,2,2,2,,,,,,,,,,,,,,,,,,,,
8,1,261304,1,1,1,,,,,,,,,,,,,,,,,,,,
8,2,GIB-1A,0,0,2,,,,,,,,,,,,,,,,,,,,
8,2,261104,2,2,2,,,,,,,,,,,,,,,,,,,,
8,2,263544,0,2,4,,,,,,,,,,,,,,,,,,,,
8,2,14A,1,2,3,,,,,,,,,,,,,,,,,,,,
8,1,13A,1,1,1,,,,,,,,,,,,,,,,,,,,
8,2,FX78,2,1,1,,,,,,,,,,,,,,,,,,,,
8,1,263144,1,1,1,,,,,,,,,,,,,,,,,,,,
8,2,20-A,1,0,1,,,,,,,,,,,,,,,,,,,,
8,2,FX6A,3,0,-1,,,,,,,,,,,,,,,,,,,,
8,1,19A,2,1,0,,,,,,,,,,,,,,,,,,,,
8,2,263304,1,0,1,,,,,,,,,,,,,,,,,,,,
8,2,12A,1,0,1,,,,,,,,,,,,,,,,,,,,
8,2,12A,0,0,2,,,,,,,,,,,,,,,,,,,,
7,0,S10703,2,1,-1,,,,,,,,,,,,,,,,,,,,
7,2,S10765,3,1,0,,,,,,,,,,,,,,,,,,,,
7,1,S30181,2,0,-1,FX 1A,1 key total,,,,,,,,,,,,,,,,,,
7,2,S10385,2,0,0,FX 2A,5 keys total,,,,,,,,,,,,,,,,,,
7,1,S50525,3,0,-2,"575, 2489",3 keys total,,,,,,,,,,,,,,,,,,
7,2,S50303,2,0,0,612,1 key total,,,,,,,,,,,,,,,,,,
7,1,S10701,2,1,0,,,,,,,,,,,,,,,,,,,,
7,2,S10183,2,1,1,,,,,,,,,,,,,,,,,,,,
7,2,C9A,3,0,-1,FX 5A,1 key total,,,,,,,,,,,,,,,,,,
7,1,S30743,2,2,1,S30703 (1),3 key total,,,,,,,,,,,,,,,,,,
7,1,S50121,3,2,0,,,,,,,,,,,,,,,,,,,,
7,1,S30701,2,1,0,,,,,,,,,,,,,,,,,,,,
7,2,S30703,3,1,0,,,,,,,,,,,,,,,,,,,,
7,1,S50165,4,1,-2,S58165 (1),2 keys total,,,,,,,,,,,,,,,,,,
7,2,S50525,4,0,-2,FX 10A (3),3 total ,,,,,,,,,,,,,,,,,,
7,1,S30745,2,3,2,,,,,,,,,,,,,,,,,,,,
7,2,S50141,2,2,2,,,,,,,,,,,,,,,,,,,,
7,2,S50565,3,1,0,,,,,,,,,,,,,,,,,,,,
7,1,S10381,2,0,-1,,,,,,,,,,,,,,,,,,,,
7,2,S10726,2,0,0,,,,,,,,,,,,,,,,,,,,
7,2,S50561,2,1,1,,,,,,,,,,,,,,,,,,,,
7,1,S50563,2,1,0,,,,,,,,,,,,,,,,,,,,
7,1,S30181,3,2,0,,,,,,,,,,,,,,,,,,,,
7,1,S54123,2,0,-1,"FX4A (1), 571 (1)",2 keys total,,,,,,,,,,,,,,,,,,
7,2,S10705,3,1,0,,,,,,,,,,,,,,,,,,,,
7,1,S50161,3,3,1,,,,,,,,,,,,,,,,,,,,
7,0,S52125,3,2,-1,,,,,,,,,,,,,,,,,,,,
7,1,S50541,3,2,0,No Code (1),1 key total ,,,,,,,,,,,,,,,,,,
7,0,S50365,4,2,-2,586(2),4 total,,,,,,,,,,,,,,,,,,
7,1,R52103,3,2,0,,,,,,,,,,,,,,,,,,,,
7,2,50501,3,1,0,,,,,,,,,,,,,,,,,,,,
7,1,S50345,3,2,0,,,,,,,,,,,,,,,,,,,,
7,2,S50503,5,3,0,,,,,,,,,,,,,,,,,,,,
7,1,S50123,2,2,1,,,,,,,,,,,,,,,,,,,,
7,1,S30741,2,0,-1,,,,,,,,,,,,,,,,,,,,
7,2,S10745,3,1,0,,,,,,,,,,,,,,,,,,,,
7,2,S30721,3,1,0,,,,,,,,,,,,,,,,,,,,
7,2,S30705,2,0,0,,,,,,,,,,,,,,,,,,,,
7,2,S50163,2,0,0,,,,,,,,,,,,,,,,,,,,
7,1,S30763,3,1,-1,,,,,,,,,,,,,,,,,,,,
7,1,S10147,3,2,0,,,,,,,,,,,,,,,,,,,,
7,1,S10181,4,3,0,,,,,,,,,,,,,,,,,,,,
7,1,S10761,4,3,0,,,,,,,,,,,,,,,,,,,,
7,2,S50341,2,0,0,,,,,,,,,,,,,,,,,,,,
7,2,S50145,3,0,-1,,,,,,,,,,,,,,,,,,,,
7,2,S50361,3,1,0,FX 11A (1),2 total,,,,,,,,,,,,,,,,,,
7,1,S50321,3,2,0,,,,,,,,,,,,,,,,,,,,
7,1,S50521,3,2,0,,,,,,,,,,,,,,,,,,,,
7,1,S50125,0,2,3,,,,,,,,,,,,,,,,,,,,
7,1,10743,3,2,0,,,,,,,,,,,,,,,,,,,,
7,1,S50523,3,0,-2,,,,,,,,,,,,,,,,,,,,
7,1,R52212,2,0,-1,"S50305 (1), S50523 (1)",2 total,,,,,,,,,,,,,,,,,,
7,1,S2365,3,0,-2,52365 (2),2 total,,,,,,,,,,,,,,,,,,
7,1,S30765,3,2,0,,,,,,,,,,,,,,,,,,,,
7,2,S50143,2,0,0,"S50323 (1), S50333 (1)",2 total,,,,,,,,,,,,,,,,,,
7,1,S10741,3,2,0,,,,,,,,,,,,,,,,,,,,
7,1,S10383,3,2,0,,,,,,,,,,,,,,,,,,,,
7,2,S50545,2,1,1,,,,,,,,,,,,,,,,,,,,
7,1,S30725,2,2,1,,,,,,,,,,,,,,,,,,,,
7,2,S50143,2,0,0,,,,,,,,,,,,,,,,,,,,
7,1,S30761,3,2,0,,,,,,,,,,,,,,,,,,,,
6,Staff,114GA,3,0,,,,,,,,,,,,,,,,,,,,,
6,Staff,85GA,2,0,,,,,,,,,,,,,,,,,,,,,
6,Staff,114GA,2,0,,,,,,,,,,,,,,,,,,,,,
6,2,99GA,3,2,,99GA,,,,,,,,,,,,,,,,,,,
6,1,88GA,2,2,,88GA,,,,,,,,,,,,,,,,,,,
6,1,,1,1,,GA87,,,,,,,,,,,,,,,,,,,
6,2,45GAX,3,0,,,,,,,,,,,,,,,,,,,,,
6,1,45GA,7,6,,45GA,,,,,,,,,,,,,,,,,,,
6,1,46GA,3,2,,46GA,,,,,,,,,,,,,,,,,,,
6,2,107GA,,1,,110GA,,,,,,,,,,,,,,,,,,,
6,Staff,103GA,3,0,,,,,,,,,,,,,,,,,,,,,
6,Staff,674456,,0,,,,,,,,,,,,,,,,,,,,,
6,Staff,118GA,3,0,,,,,,,,,,,,,,,,,,,,,
6,Staff,119GA,2,0,,,,,,,,,,,,,,,,,,,,,
6,2,68GA,3,1,,GA70,,,,,,,,,,,,,,,,,,,
6,2,109GA,3,0,,,,,,,,,,,,,,,,,,,,,
6,1,37GA,4,2,,37GA,,,,,,,,,,,,,,,,,,,
6,1,38GA,2,0,,,,,,,,,,,,,,,,,,,,,
6,2,996GA,4,2,,102GA,,,,,,,,,,,,,,,,,,,
6,1,102GA,4,3,,130GA,,,,,,,,,,,,,,,,,,,
6,1,124GA,4,1,,124GA,,,,,,,,,,,,,,,,,,,
6,Staff,113GA,0,,,,,,,,,,,,,,,,,,,,,,
5,3,79GA,,0,,N/A,,,,,,,,,,,,,,,,,,,
5,3,77GA ,,2,,77GA,,,,,,,,,,,,,,,,,,,
5,3,B3,,1,,B3,,,,,,,,,,,,,,,,,,,
5,,122GA,,,,,,,,,,,,,,,,,,,,,,,
5,3,122GA,,0,,N/A,,,,,,,,,,,,,,,,,,,
5,3,A64X,,5,,123GA/108GA,,,,,,,,,,,,,,,,,,,
5,3,,,0,,N/A,,,,,,,,,,,,,,,,,,,
5,2,120GA,,1,,120GA,,,,,,,,,,,,,,,,,,,
5,0,A6,3,3,0,,,,,,,,,,,,,,,,,,,,
5,3,72GA,,1,,72GA,,,,,,,,,,,,,,,,,,,
5,3,A6,,0,,A6,,,,,,,,,,,,,,,,,,,
5,3,22AA,,1,,22AA,,,,,,,,,,,,,,,,,,,
4,3,51GAX,,,,,,,,,,,,,,,,,,,,,,,
4,1,51GA,1,2,2,,,,,,,,,,,,,,,,,,,,
4,2,52GA,3,1,0,,,,,,,,,,,,,,,,,,,,
4,2,33GAX,,,,,,,,,,,,,,,,,,,,,,,
4,1,33GA,2,1,0,,,,,,,,,,,,,,,,,,,,
4,1,34GA,2,1,0,,,,,,,,,,,,,,,,,,,,
4,3,61GX,,,,,,,,,,,,,,,,,,,,,,,
4,1,61GA,3,0,-2,,,,,,,,,,,,,,,,,,,,
4,2,62GA,3,0,-1,,,,,,,,,,,,,,,,,,,,
4,3,49GAX,,,,,,,,,,,,,,,,,,,,,,,
4,1,49GA,2,1,0,,,,,,,,,,,,,,,,,,,,
4,2,50GA,2,1,1,,,,,,,,,,,,,,,,,,,,
4,2,35GAX,,,,,,,,,,,,,,,,,,,,,,,
4,1,35GA,3,0,-2,,,,,,,,,,,,,,,,,,,,
4,1,36GA,2,2,1,,,,,,,,,,,,,,,,,,,,
4,3,47GAX,,,,,,,,,,,,,,,,,,,,,,,
4,1,47GA,2,2,1,GA47 (1 key),,,,,,,,,,,,,,,,,,,
4,2,48GA,2,3,3,GA 48 (1),,,,,,,,,,,,,,,,,,,
4,3,55GAX,,,,,,,,,,,,,,,,,,,,,,,
4,1,55GA,1,1,1,,,,,,,,,,,,,,,,,,,,
4,2,56GA,3,1,0,,,,,,,,,,,,,,,,,,,,
4,2,30GAX,,,,,,,,,,,,,,,,,,,,,,,
4,1,30GA,3,1,-1,,,,,,,,,,,,,,,,,,,,
4,1,31GA,3,1,-1,,,,,,,,,,,,,,,,,,,,
4,2,53GAX,,,,,,,,,,,,,,,,,,,,,,,
4,1,53GA,2,1,0,,,,,,,,,,,,,,,,,,,,
4,2,54GA,3,3,2,,,,,,,,,,,,,,,,,,,,
4,3,125GAX,3,2,2,67GA (1) 10AA(1),,,,,,,,,,,,,,,,,,,
4,1,126GA,2,2,1,11AA (1) 204B (1),,,,,,,,,,,,,,,,,,,
4,2,127GA,2,0,0,,,,,,,,,,,,,,,,,,,,
4,3,63GAX,,,,,,,,,,,,,,,,,,,,,,,
4,1,63GA,3,2,0,,,,,,,,,,,,,,,,,,,,
4,2,64GA,4,1,-1,,,,,,,,,,,,,,,,,,,,
4,3,39GAX,,,,,,,,,,,,,,,,,,,,,,,
4,1,39GA,3,1,-1,,,,,,,,,,,,,,,,,,,,
4,2,GA40,4,6,4,,,,,,,,,,,,,,,,,,,,
3,1,H20,3,1,,H20,,,,,,,,,,,,,,,,,,,
3,1,H7,3,2,0,H7,,,,,,,,,,,,,,,,,,,
3,1,H31,2,1,0,H31,,,,,,,,,,,,,,,,,,,
3,1,H35,3,2,,H35,,,,,,,,,,,,,,,,,,,
3,1,H9,3,2,0,H9,,,,,,,,,,,,,,,,,,,
3,1,H36,2,1,0,H36,,,,,,,,,,,,,,,,,,,
3,2,H11,2,1,,H11,,,,,,,,,,,,,,,,,,,
3,1,H12,2,1,0,H12,,,,,,,,,,,,,,,,,,,
3,2,H13,4,2,0,H13,,,,,,,,,,,,,,,,,,,
3,2,H14,3,1,0,H14,,,,,,,,,,,,,,,,,,,
3,1,H26,2,3,,H4,,,,,,,,,,,,,,,,,,,
3,1,H25,4,3,0,H25,,,,,,,,,,,,,,,,,,,
3,1,H17,2,1,0,H17,,,,,,,,,,,,,,,,,,,
3,1,H32,3,2,0,H32,,,,,,,,,,,,,,,,,,,
3,2,H10,2,0,0,N/A,,,,,,,,,,,,,,,,,,,
3,1,H33,3,2,0,H33,,,,,,,,,,,,,,,,,,,
3,1,H34,2,1,0,H34,,,,,,,,,,,,,,,,,,,
3,2,H30,3,1,0,H30,,,,,,,,,,,,,,,,,,,
3,2,H21,3,1,0,H21,,,,,,,,,,,,,,,,,,,
3,2,H29,2,0,0,N/A,,,,,,,,,,,,,,,,,,,
3,2,H28,3,1,0,H18,,,,,,,,,,,,,,,,,,,
3,1,H27,3,2,0,H27,,,,,,,,,,,,,,,,,,,
3,2,H19,3,2,,H19,,,,,,,,,,,,,,,,,,,
3,1,H8,3,2,0,H8,,,,,,,,,,,,,,,,,,,
3,1,H24,2,1,0,H24,,,,,,,,,,,,,,,,,,,
3,1,H37,1,3,,H37,,,,,,,,,,,,,,,,,,,
3,2,H22,3,0,,N/A,,,,,,,,,,,,,,,,,,,
2,2,A52X,2,1,1,,,,,,,,,,,,,,,,,,,,
2,1,101GA,3,0,-2,A32,1,,,,,,,,,,,,,,,,,,
2,1,A15,2,1,0,,,,,,,,,,,,,,,,,,,,
2,1,A16,2,1,0,,,,,,,,,,,,,,,,,,,,
2,3,A64X,5,1,-1,A30,1,,,,,,,,,,,,,,,,,,
2,2,J29,,0,2,,,,,,,,,,,,,,,,,,,,
2,1,A19,4,2,-1,,,,,,,,,,,,,,,,,,,,
2,3,B86,4,1,0,,,,,,,,,,,,,,,,,,,,
2,1,A18,1,0,0,,,,,,,,,,,,,,,,,,,,
2,1,A11,3,1,-1,,,,,,,,,,,,,,,,,,,,
2,2,A27,3,1,0,B87,2,,,,,,,,,,,,,,,,,,
2,2,A34,3,1,0,,,,,,,,,,,,,,,,,,,,
2,1,A56,3,2,0,,,,,,,,,,,,,,,,,,,,
2,1,A31,2,1,0,,,,,,,,,,,,,,,,,,,,
2,1,A20,3,2,0,,,,,,,,,,,,,,,,,,,,
2,4,A10,5,0,-1,,,,,,,,,,,,,,,,,,,,
2,1,A21,3,2,0,,,,,,,,,,,,,,,,,,,,
2,0,A22,2,0,-2,,,,,,,,,,,,,,,,,,,,
2,2,B36,3,0,-1,A24,1,,,,,,,,,,,,,,,,,,
2,1,A24,2,0,-1,,,,,,,,,,,,,,,,,,,,
2,1,A25,2,1,0,,,,,,,,,,,,,,,,,,,,
2,3,A35,6,0,-3,,,,,,,,,,,,,,,,,,,,
2,1,A26,3,0,-2,B86=1 A90=2 B90=1,,,,,,,,,,,,,,,,,,,
2,1,A9,2,1,0,,,,,,,,,,,,,,,,,,,,
2,2,A12,3,1,0,,,,,,,,,,,,,,,,,,,,
1,4,AZL 102,4,8,8,f1/B19,,,,,,,,,,,,,,,,,,,
1,1,F26,1,1,1,,,,,,,,,,,,,,,,,,,,
1,1,F31,1,1,1,,,,,,,,,,,,,,,,,,,,
1,1,F17,2,1,0,,,,,,,,,,,,,,,,,,,,
1,1,F5,2,1,0,,,,,,,,,,,,,,,,,,,,
1,4,?,2,2,4,68863,,,,,,,,,,,,,,,,,,,
1,1,F6,1,2,2,61G1,,,,,,,,,,,,,,,,,,,
1,1,F13,2,1,0,,,,,,,,,,,,,,,,,,,,
1,1,F21,2,1,0,,,,,,,,,,,,,,,,,,,,
1,1,F19,2,1,0,F11,,,,,,,,,,,,,,,,,,,
1,4,?,2,2,4,36346,,,,,,,,,,,,,,,,,,,
1,1,F10,1,0,0,,,,,,,,,,,,,,,,,,,,
1,1,F16,2,1,0,,,,,,,,,,,,,,,,,,,,
1,1,F12,2,1,0,,,,,,,,,,,,,,,,,,,,
1,1,F7,2,1,0,,,,,,,,,,,,,,,,,,,,
1,Emergency,?,0,0,#VALUE!,,,,,,,,,,,,,,,,,,,,
1,4,?,2,2,4,75486,,,,,,,,,,,,,,,,,,,
1,1,F4,2,1,0,---,,,,,,,,,,,,,,,,,,,
1,1,F11,3,2,0,F14,,,,,,,,,,,,,,,,,,,
1,1,F30,3,2,0,,,,,,,,,,,,,,,,,,,,
1,1,F2,4,3,0,F3,,,,,,,,,,,,,,,,,,,
1,3,?,1,1,3,548546,,,,,,,,,,,,,,,,,,,
1,0,F18,3,3,,,,,,,,,,,,,,,,,,,,,
1,1,F9,1,1,1,F29,,,,,,,,,,,,,,,,,,,
1,1,F20,3,3,1,,,,,,,,,,,,,,,,,,,,
1,1,F28,3,2,0,,,,,,,,,,,,,,,,,,,,
1,4,?,1,1,4,685947,,,,,,,,,,,,,,,,,,,
1,1,F22,3,2,0,,,,,,,,,,,,,,,,,,,,
1,1,F23,3,3,1,,,,,,,,,,,,,,,,,,,,
1,1,F24,2,2,1,,,,,,,,,,,,,,,,,,,,
1,1,F8,1,0,0,,,,,,,,,,,,,,,,,,,,
,,,,,,,,,,,,,,,,,,,,,,,,,
,,,,,,,,,,,,,,,,,,,,,,,,,
,,,,,,,,,,,,,,,,,,,,,,,,,
,,,,,,,,,,,,,,,,,,,,,,,,,
,,,,,,,,,,,,,,,,,,,,,,,,,
,,,,,,,,,,,,,,,,,,,,,,,,,
,,,,,,,,,,,,,,,,,,,,,,,,,
,,,,,,,,,,,,,,,,,,,,,,,,,
,,,,,,,,,,,,,,,,,,,,,,,,,
,,,,,,,,,,,,,,,,,,,,,,,,,
,,,,,,,,,,,,,,,,,,,,,,,,,
,,,,,,,,,,,,,,,,,,,,,,,,,
,,,,,,,,,,,,,,,,,,,,,,,,,
,,,,,,,,,,,,,,,,,,,,,,,,,
,,,,,,,,,,,,,,,,,,,,,,,,,
,,,,,,,,,,,,,,,,,,,,,,,,,
,,,,,,,,,,,,,,,,,,,,,,,,,
,,,,,,,,,,,,,,,,,,,,,,,,,
,,,,,,,,,,,,,,,,,,,,,,,,,
,,,,,,,,,,,,,,,,,,,,,,,,,
,,,,,,,,,,,,,,,,,,,,,,,,,
,,,,,,,,,,,,,,,,,,,,,,,,,
,,,,,,,,,,,,,,,,,,,,,,,,,
,,,,,,,,,,,,,,,,,,,,,,,,,
,,,,,,,,,,,,,,,,,,,,,,,,,
,,,,,,,,,,,,,,,,,,,,,,,,,
,,,,,,,,,,,,,,,,,,,,,,,,,
,,,,,,,,,,,,,,,,,,,,,,,,,
,,,,,,,,,,,,,,,,,,,,,,,,,
,,,,,,,,,,,,,,,,,,,,,,,,,
,,,,,,,,,,,,,,,,,,,,,,,,,
,,,,,,,,,,,,,,,,,,,,,,,,,
,,,,,,,,,,,,,,,,,,,,,,,,,
,,,,,,,,,,,,,,,,,,,,,,,,,
,,,,,,,,,,,,,,,,,,,,,,,,,
,,,,,,,,,,,,,,,,,,,,,,,,,
,,,,,,,,,,,,,,,,,,,,,,,,,
,,,,,,,,,,,,,,,,,,,,,,,,,
,,,,,,,,,,,,,,,,,,,,,,,,,
,,,,,,,,,,,,,,,,,,,,,,,,,
,,,,,,,,,,,,,,,,,,,,,,,,,
,,,,,,,,,,,,,,,,,,,,,,,,,
,,,,,,,,,,,,,,,,,,,,,,,,,
,,,,,,,,,,,,,,,,,,,,,,,,,
,,,,,,,,,,,,,,,,,,,,,,,,,
,,,,,,,,,,,,,,,,,,,,,,,,,
,,,,,,,,,,,,,,,,,,,,,,,,,
,,,,,,,,,,,,,,,,,,,,,,,,,
,,,,,,,,,,,,,,,,,,,,,,,,,
,,,,,,,,,,,,,,,,,,,,,,,,,
,,,,,,,,,,,,,,,,,,,,,,,,,
,,,,,,,,,,,,,,,,,,,,,,,,,
,,,,,,,,,,,,,,,,,,,,,,,,,
,,,,,,,,,,,,,,,,,,,,,,,,,
,,,,,,,,,,,,,,,,,,,,,,,,,
,,,,,,,,,,,,,,,,,,,,,,,,,
,,,,,,,,,,,,,,,,,,,,,,,,,
,,,,,,,,,,,,,,,,,,,,,,,,,
,,,,,,,,,,,,,,,,,,,,,,,,,
,,,,,,,,,,,,,,,,,,,,,,,,,
,,,,,,,,,,,,,,,,,,,,,,,,,
,,,,,,,,,,,,,,,,,,,,,,,,,
,,,,,,,,,,,,,,,,,,,,,,,,,
,,,,,,,,,,,,,,,,,,,,,,,,,
,,,,,,,,,,,,,,,,,,,,,,,,,
,,,,,,,,,,,,,,,,,,,,,,,,,
,,,,,,,,,,,,,,,,,,,,,,,,,
,,,,,,,,,,,,,,,,,,,,,,,,,
,,,,,,,,,,,,,,,,,,,,,,,,,
,,,,,,,,,,,,,,,,,,,,,,,,,
,,,,,,,,,,,,,,,,,,,,,,,,,
,,,,,,,,,,,,,,,,,,,,,,,,,
,,,,,,,,,,,,,,,,,,,,,,,,,
,,,,,,,,,,,,,,,,,,,,,,,,,
,,,,,,,,,,,,,,,,,,,,,,,,,
,,,,,,,,,,,,,,,,,,,,,,,,,
,,,,,,,,,,,,,,,,,,,,,,,,,
,,,,,,,,,,,,,,,,,,,,,,,,,
,,,,,,,,,,,,,,,,,,,,,,,,,
,,,,,,,,,,,,,,,,,,,,,,,,,
,,,,,,,,,,,,,,,,,,,,,,,,,
,,,,,,,,,,,,,,,,,,,,,,,,,
,,,,,,,,,,,,,,,,,,,,,,,,,
,,,,,,,,,,,,,,,,,,,,,,,,,
,,,,,,,,,,,,,,,,,,,,,,,,,
,,,,,,,,,,,,,,,,,,,,,,,,,
,,,,,,,,,,,,,,,,,,,,,,,,,
,,,,,,,,,,,,,,,,,,,,,,,,,
,,,,,,,,,,,,,,,,,,,,,,,,,
,,,,,,,,,,,,,,,,,,,,,,,,,
,,,,,,,,,,,,,,,,,,,,,,,,,
,,,,,,,,,,,,,,,,,,,,,,,,,
,,,,,,,,,,,,,,,,,,,,,,,,,
,,,,,,,,,,,,,,,,,,,,,,,,,
,,,,,,,,,,,,,,,,,,,,,,,,,
,,,,,,,,,,,,,,,,,,,,,,,,,
,,,,,,,,,,,,,,,,,,,,,,,,,
,,,,,,,,,,,,,,,,,,,,,,,,,
,,,,,,,,,,,,,,,,,,,,,,,,,
,,,,,,,,,,,,,,,,,,,,,,,,,
,,,,,,,,,,,,,,,,,,,,,,,,,
,,,,,,,,,,,,,,,,,,,,,,,,,
,,,,,,,,,,,,,,,,,,,,,,,,,
,,,,,,,,,,,,,,,,,,,,,,,,,
,,,,,,,,,,,,,,,,,,,,,,,,,
,,,,,,,,,,,,,,,,,,,,,,,,,
,,,,,,,,,,,,,,,,,,,,,,,,,
,,,,,,,,,,,,,,,,,,,,,,,,,
,,,,,,,,,,,,,,,,,,,,,,,,,
,,,,,,,,,,,,,,,,,,,,,,,,,
,,,,,,,,,,,,,,,,,,,,,,,,,
,,,,,,,,,,,,,,,,,,,,,,,,,
,,,,,,,,,,,,,,,,,,,,,,,,,
,,,,,,,,,,,,,,,,,,,,,,,,,
,,,,,,,,,,,,,,,,,,,,,,,,,
,,,,,,,,,,,,,,,,,,,,,,,,,
,,,,,,,,,,,,,,,,,,,,,,,,,
,,,,,,,,,,,,,,,,,,,,,,,,,
,,,,,,,,,,,,,,,,,,,,,,,,,
,,,,,,,,,,,,,,,,,,,,,,,,,
,,,,,,,,,,,,,,,,,,,,,,,,,
,,,,,,,,,,,,,,,,,,,,,,,,,
,,,,,,,,,,,,,,,,,,,,,,,,,
,,,,,,,,,,,,,,,,,,,,,,,,,
,,,,,,,,,,,,,,,,,,,,,,,,,
,,,,,,,,,,,,,,,,,,,,,,,,,
,,,,,,,,,,,,,,,,,,,,,,,,,
,,,,,,,,,,,,,,,,,,,,,,,,,
,,,,,,,,,,,,,,,,,,,,,,,,,
,,,,,,,,,,,,,,,,,,,,,,,,,
,,,,,,,,,,,,,,,,,,,,,,,,,
,,,,,,,,,,,,,,,,,,,,,,,,,
,,,,,,,,,,,,,,,,,,,,,,,,,
,,,,,,,,,,,,,,,,,,,,,,,,,
,,,,,,,,,,,,,,,,,,,,,,,,,
,,,,,,,,,,,,,,,,,,,,,,,,,
,,,,,,,,,,,,,,,,,,,,,,,,,
,,,,,,,,,,,,,,,,,,,,,,,,,
,,,,,,,,,,,,,,,,,,,,,,,,,
,,,,,,,,,,,,,,,,,,,,,,,,,
,,,,,,,,,,,,,,,,,,,,,,,,,
,,,,,,,,,,,,,,,,,,,,,,,,,
,,,,,,,,,,,,,,,,,,,,,,,,,
,,,,,,,,,,,,,,,,,,,,,,,,,
,,,,,,,,,,,,,,,,,,,,,,,,,
,,,,,,,,,,,,,,,,,,,,,,,,,
,,,,,,,,,,,,,,,,,,,,,,,,,
,,,,,,,,,,,,,,,,,,,,,,,,,
,,,,,,,,,,,,,,,,,,,,,,,,,
,,,,,,,,,,,,,,,,,,,,,,,,,
,,,,,,,,,,,,,,,,,,,,,,,,,
,,,,,,,,,,,,,,,,,,,,,,,,,
,,,,,,,,,,,,,,,,,,,,,,,,,
,,,,,,,,,,,,,,,,,,,,,,,,,
,,,,,,,,,,,,,,,,,,,,,,,,,
,,,,,,,,,,,,,,,,,,,,,,,,,
,,,,,,,,,,,,,,,,,,,,,,,,,
,,,,,,,,,,,,,,,,,,,,,,,,,
,,,,,,,,,,,,,,,,,,,,,,,,,
,,,,,,,,,,,,,,,,,,,,,,,,,
,,,,,,,,,,,,,,,,,,,,,,,,,
,,,,,,,,,,,,,,,,,,,,,,,,,
,,,,,,,,,,,,,,,,,,,,,,,,,
,,,,,,,,,,,,,,,,,,,,,,,,,
,,,,,,,,,,,,,,,,,,,,,,,,,
,,,,,,,,,,,,,,,,,,,,,,,,,
,,,,,,,,,,,,,,,,,,,,,,,,,
,,,,,,,,,,,,,,,,,,,,,,,,,
,,,,,,,,,,,,,,,,,,,,,,,,,
,,,,,,,,,,,,,,,,,,,,,,,,,
,,,,,,,,,,,,,,,,,,,,,,,,,
,,,,,,,,,,,,,,,,,,,,,,,,,
,,,,,,,,,,,,,,,,,,,,,,,,,
,,,,,,,,,,,,,,,,,,,,,,,,,
,,,,,,,,,,,,,,,,,,,,,,,,,
,,,,,,,,,,,,,,,,,,,,,,,,,
,,,,,,,,,,,,,,,,,,,,,,,,,
,,,,,,,,,,,,,,,,,,,,,,,,,
,,,,,,,,,,,,,,,,,,,,,,,,,
,,,,,,,,,,,,,,,,,,,,,,,,,
,,,,,,,,,,,,,,,,,,,,,,,,,
,,,,,,,,,,,,,,,,,,,,,,,,,
,,,,,,,,,,,,,,,,,,,,,,,,,
,,,,,,,,,,,,,,,,,,,,,,,,,
,,,,,,,,,,,,,,,,,,,,,,,,,
,,,,,,,,,,,,,,,,,,,,,,,,,
,,,,,,,,,,,,,,,,,,,,,,,,,
,,,,,,,,,,,,,,,,,,,,,,,,,
,,,,,,,,,,,,,,,,,,,,,,,,,
,,,,,,,,,,,,,,,,,,,,,,,,,
,,,,,,,,,,,,,,,,,,,,,,,,,
,,,,,,,,,,,,,,,,,,,,,,,,,
,,,,,,,,,,,,,,,,,,,,,,,,,
,,,,,,,,,,,,,,,,,,,,,,,,,
,,,,,,,,,,,,,,,,,,,,,,,,,
,,,,,,,,,,,,,,,,,,,,,,,,,
,,,,,,,,,,,,,,,,,,,,,,,,,
,,,,,,,,,,,,,,,,,,,,,,,,,
,,,,,,,,,,,,,,,,,,,,,,,,,
,,,,,,,,,,,,,,,,,,,,,,,,,
,,,,,,,,,,,,,,,,,,,,,,,,,
,,,,,,,,,,,,,,,,,,,,,,,,,
,,,,,,,,,,,,,,,,,,,,,,,,,
,,,,,,,,,,,,,,,,,,,,,,,,,
,,,,,,,,,,,,,,,,,,,,,,,,,
,,,,,,,,,,,,,,,,,,,,,,,,,
,,,,,,,,,,,,,,,,,,,,,,,,,
,,,,,,,,,,,,,,,,,,,,,,,,,
,,,,,,,,,,,,,,,,,,,,,,,,,
,,,,,,,,,,,,,,,,,,,,,,,,,
,,,,,,,,,,,,,,,,,,,,,,,,,
,,,,,,,,,,,,,,,,,,,,,,,,,
,,,,,,,,,,,,,,,,,,,,,,,,,
,,,,,,,,,,,,,,,,,,,,,,,,,
,,,,,,,,,,,,,,,,,,,,,,,,,
,,,,,,,,,,,,,,,,,,,,,,,,,
,,,,,,,,,,,,,,,,,,,,,,,,,
,,,,,,,,,,,,,,,,,,,,,,,,,
,,,,,,,,,,,,,,,,,,,,,,,,,
,,,,,,,,,,,,,,,,,,,,,,,,,
,,,,,,,,,,,,,,,,,,,,,,,,,
,,,,,,,,,,,,,,,,,,,,,,,,,
,,,,,,,,,,,,,,,,,,,,,,,,,
,,,,,,,,,,,,,,,,,,,,,,,,,
,,,,,,,,,,,,,,,,,,,,,,,,,
,,,,,,,,,,,,,,,,,,,,,,,,,
,,,,,,,,,,,,,,,,,,,,,,,,,
,,,,,,,,,,,,,,,,,,,,,,,,,
,,,,,,,,,,,,,,,,,,,,,,,,,
,,,,,,,,,,,,,,,,,,,,,,,,,
,,,,,,,,,,,,,,,,,,,,,,,,,
,,,,,,,,,,,,,,,,,,,,,,,,,
,,,,,,,,,,,,,,,,,,,,,,,,,
,,,,,,,,,,,,,,,,,,,,,,,,,
,,,,,,,,,,,,,,,,,,,,,,,,,
,,,,,,,,,,,,,,,,,,,,,,,,,
,,,,,,,,,,,,,,,,,,,,,,,,,
,,,,,,,,,,,,,,,,,,,,,,,,,
,,,,,,,,,,,,,,,,,,,,,,,,,
,,,,,,,,,,,,,,,,,,,,,,,,,
,,,,,,,,,,,,,,,,,,,,,,,,,
,,,,,,,,,,,,,,,,,,,,,,,,,
,,,,,,,,,,,,,,,,,,,,,,,,,
,,,,,,,,,,,,,,,,,,,,,,,,,
,,,,,,,,,,,,,,,,,,,,,,,,,
,,,,,,,,,,,,,,,,,,,,,,,,,
,,,,,,,,,,,,,,,,,,,,,,,,,
,,,,,,,,,,,,,,,,,,,,,,,,,
,,,,,,,,,,,,,,,,,,,,,,,,,
,,,,,,,,,,,,,,,,,,,,,,,,,
,,,,,,,,,,,,,,,,,,,,,,,,,
,,,,,,,,,,,,,,,,,,,,,,,,,
,,,,,,,,,,,,,,,,,,,,,,,,,
,,,,,,,,,,,,,,,,,,,,,,,,,
,,,,,,,,,,,,,,,,,,,,,,,,,
,,,,,,,,,,,,,,,,,,,,,,,,,
,,,,,,,,,,,,,,,,,,,,,,,,,
,,,,,,,,,,,,,,,,,,,,,,,,,
,,,,,,,,,,,,,,,,,,,,,,,,,
,,,,,,,,,,,,,,,,,,,,,,,,,
,,,,,,,,,,,,,,,,,,,,,,,,,
,,,,,,,,,,,,,,,,,,,,,,,,,
,,,,,,,,,,,,,,,,,,,,,,,,,
,,,,,,,,,,,,,,,,,,,,,,,,,
,,,,,,,,,,,,,,,,,,,,,,,,,
,,,,,,,,,,,,,,,,,,,,,,,,,
,,,,,,,,,,,,,,,,,,,,,,,,,
,,,,,,,,,,,,,,,,,,,,,,,,,
,,,,,,,,,,,,,,,,,,,,,,,,,
,,,,,,,,,,,,,,,,,,,,,,,,,
,,,,,,,,,,,,,,,,,,,,,,,,,
,,,,,,,,,,,,,,,,,,,,,,,,,
,,,,,,,,,,,,,,,,,,,,,,,,,
,,,,,,,,,,,,,,,,,,,,,,,,,
,,,,,,,,,,,,,,,,,,,,,,,,,
,,,,,,,,,,,,,,,,,,,,,,,,,
,,,,,,,,,,,,,,,,,,,,,,,,,
,,,,,,,,,,,,,,,,,,,,,,,,,
,,,,,,,,,,,,,,,,,,,,,,,,,
,,,,,,,,,,,,,,,,,,,,,,,,,
,,,,,,,,,,,,,,,,,,,,,,,,,
,,,,,,,,,,,,,,,,,,,,,,,,,
,,,,,,,,,,,,,,,,,,,,,,,,,
,,,,,,,,,,,,,,,,,,,,,,,,,
,,,,,,,,,,,,,,,,,,,,,,,,,
,,,,,,,,,,,,,,,,,,,,,,,,,
,,,,,,,,,,,,,,,,,,,,,,,,,
,,,,,,,,,,,,,,,,,,,,,,,,,
,,,,,,,,,,,,,,,,,,,,,,,,,
,,,,,,,,,,,,,,,,,,,,,,,,,
,,,,,,,,,,,,,,,,,,,,,,,,,
,,,,,,,,,,,,,,,,,,,,,,,,,
,,,,,,,,,,,,,,,,,,,,,,,,,
,,,,,,,,,,,,,,,,,,,,,,,,,
,,,,,,,,,,,,,,,,,,,,,,,,,
,,,,,,,,,,,,,,,,,,,,,,,,,
,,,,,,,,,,,,,,,,,,,,,,,,,
,,,,,,,,,,,,,,,,,,,,,,,,,
,,,,,,,,,,,,,,,,,,,,,,,,,
,,,,,,,,,,,,,,,,,,,,,,,,,
,,,,,,,,,,,,,,,,,,,,,,,,,
,,,,,,,,,,,,,,,,,,,,,,,,,
,,,,,,,,,,,,,,,,,,,,,,,,,
,,,,,,,,,,,,,,,,,,,,,,,,,
,,,,,,,,,,,,,,,,,,,,,,,,,
,,,,,,,,,,,,,,,,,,,,,,,,,
,,,,,,,,,,,,,,,,,,,,,,,,,
,,,,,,,,,,,,,,,,,,,,,,,,,
,,,,,,,,,,,,,,,,,,,,,,,,,
,,,,,,,,,,,,,,,,,,,,,,,,,
,,,,,,,,,,,,,,,,,,,,,,,,,
,,,,,,,,,,,,,,,,,,,,,,,,,
,,,,,,,,,,,,,,,,,,,,,,,,,
,,,,,,,,,,,,,,,,,,,,,,,,,
,,,,,,,,,,,,,,,,,,,,,,,,,
,,,,,,,,,,,,,,,,,,,,,,,,,
,,,,,,,,,,,,,,,,,,,,,,,,,
,,,,,,,,,,,,,,,,,,,,,,,,,
,,,,,,,,,,,,,,,,,,,,,,,,,
,,,,,,,,,,,,,,,,,,,,,,,,,
,,,,,,,,,,,,,,,,,,,,,,,,,
,,,,,,,,,,,,,,,,,,,,,,,,,
,,,,,,,,,,,,,,,,,,,,,,,,,
,,,,,,,,,,,,,,,,,,,,,,,,,
,,,,,,,,,,,,,,,,,,,,,,,,,
,,,,,,,,,,,,,,,,,,,,,,,,,
,,,,,,,,,,,,,,,,,,,,,,,,,
,,,,,,,,,,,,,,,,,,,,,,,,,
,,,,,,,,,,,,,,,,,,,,,,,,,
,,,,,,,,,,,,,,,,,,,,,,,,,
,,,,,,,,,,,,,,,,,,,,,,,,,
,,,,,,,,,,,,,,,,,,,,,,,,,
,,,,,,,,,,,,,,,,,,,,,,,,,
,,,,,,,,,,,,,,,,,,,,,,,,,
,,,,,,,,,,,,,,,,,,,,,,,,,
,,,,,,,,,,,,,,,,,,,,,,,,,
,,,,,,,,,,,,,,,,,,,,,,,,,
,,,,,,,,,,,,,,,,,,,,,,,,,
,,,,,,,,,,,,,,,,,,,,,,,,,
,,,,,,,,,,,,,,,,,,,,,,,,,
,,,,,,,,,,,,,,,,,,,,,,,,,
,,,,,,,,,,,,,,,,,,,,,,,,,
,,,,,,,,,,,,,,,,,,,,,,,,,
,,,,,,,,,,,,,,,,,,,,,,,,,
,,,,,,,,,,,,,,,,,,,,,,,,,
,,,,,,,,,,,,,,,,,,,,,,,,,
,,,,,,,,,,,,,,,,,,,,,,,,,
,,,,,,,,,,,,,,,,,,,,,,,,,
,,,,,,,,,,,,,,,,,,,,,,,,,
,,,,,,,,,,,,,,,,,,,,,,,,,
,,,,,,,,,,,,,,,,,,,,,,,,,
,,,,,,,,,,,,,,,,,,,,,,,,,
,,,,,,,,,,,,,,,,,,,,,,,,,
,,,,,,,,,,,,,,,,,,,,,,,,,
,,,,,,,,,,,,,,,,,,,,,,,,,
,,,,,,,,,,,,,,,,,,,,,,,,,
,,,,,,,,,,,,,,,,,,,,,,,,,
,,,,,,,,,,,,,,,,,,,,,,,,,
,,,,,,,,,,,,,,,,,,,,,,,,,
,,,,,,,,,,,,,,,,,,,,,,,,,
,,,,,,,,,,,,,,,,,,,,,,,,,
,,,,,,,,,,,,,,,,,,,,,,,,,
,,,,,,,,,,,,,,,,,,,,,,,,,
,,,,,,,,,,,,,,,,,,,,,,,,,
,,,,,,,,,,,,,,,,,,,,,,,,,
,,,,,,,,,,,,,,,,,,,,,,,,,
,,,,,,,,,,,,,,,,,,,,,,,,,
,,,,,,,,,,,,,,,,,,,,,,,,,
,,,,,,,,,,,,,,,,,,,,,,,,,
,,,,,,,,,,,,,,,,,,,,,,,,,
,,,,,,,,,,,,,,,,,,,,,,,,,
,,,,,,,,,,,,,,,,,,,,,,,,,
,,,,,,,,,,,,,,,,,,,,,,,,,
,,,,,,,,,,,,,,,,,,,,,,,,,
,,,,,,,,,,,,,,,,,,,,,,,,,
,,,,,,,,,,,,,,,,,,,,,,,,,
,,,,,,,,,,,,,,,,,,,,,,,,,
,,,,,,,,,,,,,,,,,,,,,,,,,
,,,,,,,,,,,,,,,,,,,,,,,,,
,,,,,,,,,,,,,,,,,,,,,,,,,
,,,,,,,,,,,,,,,,,,,,,,,,,
,,,,,,,,,,,,,,,,,,,,,,,,,
,,,,,,,,,,,,,,,,,,,,,,,,,
,,,,,,,,,,,,,,,,,,,,,,,,,
,,,,,,,,,,,,,,,,,,,,,,,,,
,,,,,,,,,,,,,,,,,,,,,,,,,
,,,,,,,,,,,,,,,,,,,,,,,,,
,,,,,,,,,,,,,,,,,,,,,,,,,
,,,,,,,,,,,,,,,,,,,,,,,,,
,,,,,,,,,,,,,,,,,,,,,,,,,
,,,,,,,,,,,,,,,,,,,,,,,,,
,,,,,,,,,,,,,,,,,,,,,,,,,
,,,,,,,,,,,,,,,,,,,,,,,,,
,,,,,,,,,,,,,,,,,,,,,,,,,
,,,,,,,,,,,,,,,,,,,,,,,,,
,,,,,,,,,,,,,,,,,,,,,,,,,
,,,,,,,,,,,,,,,,,,,,,,,,,
,,,,,,,,,,,,,,,,,,,,,,,,,
,,,,,,,,,,,,,,,,,,,,,,,,,
,,,,,,,,,,,,,,,,,,,,,,,,,
,,,,,,,,,,,,,,,,,,,,,,,,,
,,,,,,,,,,,,,,,,,,,,,,,,,
,,,,,,,,,,,,,,,,,,,,,,,,,
,,,,,,,,,,,,,,,,,,,,,,,,,
,,,,,,,,,,,,,,,,,,,,,,,,,
,,,,,,,,,,,,,,,,,,,,,,,,,
,,,,,,,,,,,,,,,,,,,,,,,,,
,,,,,,,,,,,,,,,,,,,,,,,,,
,,,,,,,,,,,,,,,,,,,,,,,,,
,,,,,,,,,,,,,,,,,,,,,,,,,
,,,,,,,,,,,,,,,,,,,,,,,,,
,,,,,,,,,,,,,,,,,,,,,,,,,
,,,,,,,,,,,,,,,,,,,,,,,,,
,,,,,,,,,,,,,,,,,,,,,,,,,
,,,,,,,,,,,,,,,,,,,,,,,,,
,,,,,,,,,,,,,,,,,,,,,,,,,
,,,,,,,,,,,,,,,,,,,,,,,,,
,,,,,,,,,,,,,,,,,,,,,,,,,
,,,,,,,,,,,,,,,,,,,,,,,,,
,,,,,,,,,,,,,,,,,,,,,,,,,
,,,,,,,,,,,,,,,,,,,,,,,,,
,,,,,,,,,,,,,,,,,,,,,,,,,
,,,,,,,,,,,,,,,,,,,,,,,,,
,,,,,,,,,,,,,,,,,,,,,,,,,
,,,,,,,,,,,,,,,,,,,,,,,,,
,,,,,,,,,,,,,,,,,,,,,,,,,
,,,,,,,,,,,,,,,,,,,,,,,,,
,,,,,,,,,,,,,,,,,,,,,,,,,
,,,,,,,,,,,,,,,,,,,,,,,,,
,,,,,,,,,,,,,,,,,,,,,,,,,
,,,,,,,,,,,,,,,,,,,,,,,,,
,,,,,,,,,,,,,,,,,,,,,,,,,
,,,,,,,,,,,,,,,,,,,,,,,,,
,,,,,,,,,,,,,,,,,,,,,,,,,
,,,,,,,,,,,,,,,,,,,,,,,,,
,,,,,,,,,,,,,,,,,,,,,,,,,
,,,,,,,,,,,,,,,,,,,,,,,,,
,,,,,,,,,,,,,,,,,,,,,,,,,
,,,,,,,,,,,,,,,,,,,,,,,,,
,,,,,,,,,,,,,,,,,,,,,,,,,
,,,,,,,,,,,,,,,,,,,,,,,,,
,,,,,,,,,,,,,,,,,,,,,,,,,
,,,,,,,,,,,,,,,,,,,,,,,,,
,,,,,,,,,,,,,,,,,,,,,,,,,
